{"cameraMode":{"drawMode":0,"name":"Shaded","section":"Shading Mode"},"sceneLighting":true,"audioPlay":false,"sceneViewState":{"showFog":true,"showMaterialUpdate":true,"showSkybox":true,"showFlares":true,"showImageEffects":true,"showParticleSystems":true},"in2DMode":false,"pivot":{"x":4.060176849365234,"y":1.7315245866775513,"z":2.0088205337524416},"rotation":{"x":-0.19281870126724244,"y":0.2785094678401947,"z":-0.05718202516436577,"w":-0.9391403198242188},"size":3.7968647480010988,"orthographic":false}